hidden_layer,activation,epoch,eta,beta,alpha,mu  ,batch_size,test_score,history_loss                                                                                                          ,history_score
"(128,)"    ,ReLu      ,5    ,0.4,0.3 ,0.001,0.95,128       ,0.9045    ,"[20.90245606941011, 5.166877279014926, 65.71297786643434, 1668.5607645614873, 43946.07490921592, 1159874.1382513656]","[0.09685, 0.8809166666666667, 0.8997833333333334, 0.9138833333333334, 0.9104, 0.9192333333333333]"
