hidden_layer,activation,epoch,eta,beta,alpha,mu,batch_size,test_score,history
"(5, 5, 5, 5)",Tanh,3,0.01,0.1,0.001,0.95,32,0.1,"[2.310840293136132, 2.310836007303012, 2.310831725948824]"
"(5, 5, 5, 5)",Tanh,3,0.4,0.1,0.001,0.95,32,0.1,"[2.310761588687889, 2.310597348417199, 2.3104402983193135]"
