hidden_layer,activation,epoch,eta,beta,alpha,mu,batch_size,test_score,history
"(5, 5, 5, 5)",Tanh,3,0.01,0.1,0.001,0.95,32,0.1032,"[2.310818340293943, 2.3108132990005807, 2.310808264159102]"
"(5, 5, 5, 5)",Tanh,3,0.4,0.1,0.001,0.95,32,0.1032,"[2.3107250526823555, 2.310534027852974, 2.310353398259084]"
