hidden_layer,activation,epoch,eta,beta,alpha,mu,batch_size,history
"(5,)",Tanh,20,0.01,0.1,0.001,0.85,32,"[1.1034303512805772, 1.1033522827656248, 1.103231380955576, 1.1030881777570463, 1.102933394386712, 1.1027726274824565, 1.1026087977123895, 1.1024434286301474, 1.1022773144260642, 1.1021108685454695, 1.1019443056818325, 1.101777736781134, 1.1016112186352163, 1.1014447797697922, 1.1012784339580555, 1.1011121872747902, 1.100946041778618, 1.100779997434118, 1.1006140531151676, 1.100448207128679]"
"(5,)",LeakyReLu(0.1),20,0.01,0.1,0.001,0.85,32,"[1.113504779921079, 1.1134536924527987, 1.1133746715881538, 1.1132811616286409, 1.1131801866441688, 1.1130754144908557, 1.1129687597424724, 1.1128612213884492, 1.112753320379997, 1.1126453281039301, 1.1125373856671972, 1.1124295661695904, 1.112321907211986, 1.1122144278662596, 1.112107137533795, 1.1120000405697081, 1.1118931386967181, 1.1117864322651978, 1.1116799209109174, 1.1115736057067402]"
